{"objective": "regression", "boosting_type": "gbdt", "lambda_l1": 2.649670285109348, "lambda_l2": 3.651743005278647, "max_leaves": 21, "max_depth": 3, "feature_fraction": 0.9840000000000001, "bagging_fraction": 0.584017641491728, "learning_rate": 0.054438364299744225, "min_data_in_leaf": 7, "drop_rate": 0.13171689004108006, "metric": ["mae", "mse", "huber"], "seed": 0, "feature_pre_filter": false, "num_leaves": 8, "bagging_freq": 1, "min_child_samples": 20}